tweet,tag
jgn bagikan nmr utk keperluan keuangan pd siapapun kecuali orgyg dipercaya sjsekedar informasi bhw penawaranbaik melalui wa dan atau sms dan atau tlp adalah dilarang bdsk aturan regulasi keuangan oleh koreksi bila sy salah trkait aturan tsb,
pelanggaran atas aturan tsb akan membawa konsekuensi hukum bagi bank perusahaan keuangan yg melanggar mba dpt menuntut atas kebocoran datanmrspam yg menghubungi mba suami kemungkinan tdk akan pernah berhenti sampai nmr yg digunakan saat ini diganti pengalaman pribadi,
dari grup tele shl ada yang posting link ini ada komentar soal perlindungan data konsumen gak,
kiro2 ditanggepi gak iku karo sammi xd,
minimal sudah aku kabari juga belum bikin rilis soal kebocoran data ini ya,
dengan mudah ternyata mereka bisa menemukan data data sensitif pengguna tok ped bug yang dilaporkan dianggap tidak valid karena memang bukan sebuah bug tetapi justru sengaja dibuat sebagai fitur dr marketplace itu sendiri,
iya karena itu memang fitur untuk penjual yang memiliki toko fisik biar bisa mencantumkan kontak dan alamat secara bebas soal dugaan kebocoran data tokopedia itu data publik penjual via,
diduga bocor data juta pelanggan tokopedia dijual online,
telah terjadi kebocoran data pengguna cc,
tokopedia tidak ada kebocoran data pengguna data yang tersebat adalah data umum,
benarkah,
bagaimana bisa perusahaan sebesar tokopedia datanya bisa bocor gw jadi ragu belanja di tokped,
kepada dan ada nggak pasal pidana di uu ite mengenai masalah kebocoran data konsumen ini,
hai kak natsume mohon maaf atas ketidaknyamanannya wonka infokan tidak adanya indikasi kebocoran data akun tokopedia saat ini diharapkan untuk tenang keamanan akun kakak adalah prioritas utama tokopedia dalam keamanan berbelanja ya kak thanks,
diduga bocor data juta pelanggan dijual online vivajika demikian konsekuensi hukum dan inscure bagi konsumen cc,
hai kak ingin tito sampaikan tidak adanya indikasi kebocoran data akun tokopedia kakak harap tenang keamanan akun toppers adalah prioritas utama kami dalam keamanan berbelanja trims,
blm tentu itu kebocoran data bisa aja seller toko di tokped yg jual setiap transaksi ditokped penjual toko mendapat informasi pembeli seperti alamat no telp utk pengiriman barang bisa aja ada seller yg mengumpulkan data ini dan dijual bukan brarti system tokped kebobolan,
kemungkinan ada seller yg nakal jual data setiap transksi kan seller dpt info nama alamat dan no telp jadi blm tentu kebocoran data,
sy harus mengambil inisiatif ini demi keamanan data pribadi saya agar tidak d salh gunakan oknum yg tdk brtanggung jawab sungguh sy sangat menyayang kan ketelediran pihak shingga kebocoran data pelanggannya,
kebocoran data tokopedia juta data pribadi pelanggan di jual hacker disinformasi kebocoran data tokopedia juta data pribadi pelanggan dijual hacker dan beberapa media onlinepun ramai memberitakan selengkapnya di,
min cara hapus akun tokped gimana ya sy mau hapus ngeri berita tokped kebocoran data kemarin,
hai kak mohon maaf atas ketidaknyamanannya randy infokan untuk akun tokopedia tidak bisa dihapus namun jika kakak tidak ingin menggunakan akun tokopedianya kembali kakak bisa mengabaikannya saja ya randy sampaikan juga tidak adanya kebocoran data akun tokopedia kakak,
rizal sudah memberikan jawaban melalui dm ya kak yuk kakak bisa cek kembali thanks,
mohon diinfokan kesamaan datanya karena saya hanya punya akun jika ada akun yg sama dgn data data yg sama bisa dipastikan bahwa akun saya di hack org tidak bertanggungjawab saya akan laporkan ke jika memang ada kebocoran data,
jika mengklaim bahwa ada kesamaan data dalam transaksi yg lain saya kebingungan karena hanya punya akun saya sudah berikan no tlp agar dikontak oleh karena nyatanya penjelasan saya lewat tweet diabaikan saya hanya ingin kejelasannya perihal ini,
saya curiga ada akun lain di yg pakai data data saya jadi ini perlu diinvestigasi kerahasiaan data pelanggan mutlak wajib dijaga jika ada kebocoran harus dilaporkan ke utk ditindaklanjuti mohon kontak saya langsung utk menjelaskannya,
dan sekarang akun ovo belanja sesuatu di tokopedia,
akun ovo saya dipake transaksi di tokopedia oleh akun toped orang lain dan ngga lama transaksi di toped direfund tapi baliknya ke akun ovo orang lain ada kebocoran data,
begini cara tokopedia cegah kebocoran data,
hai kak lana maaf atas kendala yang terjadi shila infoin kalau penghapusan menonaktifkan akun tokopedia dan toko pada tokopedia tidak dapat dilakukan kakak dapat abaikan akun tersebut ya sebagai tambahan info kalau kakak ingin tutup toko bisa ya kak dengan cara klik akun,
dear tokopedia bagaimana status laporan saya atas kebocoran data cradit card saya saya tidak ada belanja di tgl april tapi kenapa ada transaksi tsb di cradit card saya tokopedia tidak bisa menjaga kerahasiaan data customer data cc saya bisa bocor,
oke karna saya males nulis ulangsaya ss aja dari instastory yah,
aku mau bagi tips buat kalian yg mau dapetin uang dengan cara rebahan aja apalagi semasa quarantine days gak dapat uang jajan tips ini wajib dicoba,
hallo warga twitter yang cantik dan ganteng untuk mendukung ootd kamu aku punya onlinethriftshop namanya foryousecondstore dari crewneck tshirt jacket dan vintagestuff lainya kalian bisa beli disini hq dan keren start price under k ayo buruan di cek,
actor leaked the database of tokopedia a large indonesian technology company specializing in e commerce hack occurred in march and affects users though the hacker said there are many more database contains emails password hashes names,
vinyasa yoga itu apaan min naah buat kamu yang belum tau yuuk ikutan work out malam ini bersama tokopedia play aktifkan remindernya di aplikasi tokopediamu dengan klik gambar ini,
it appears that millions of tokopedias user data had been stolen in march including user names full names birth dates emails passwords and more the hacker claimed that they have much more than million accounts from the breach,
juta data pengguna tokopedia bocor tokopedia dirundung kabar tak sedap belas,
kumpulan filter instagram ala sendiri a thread,
ada berita tokopedia kebocoran data buru2 tarik saldo,
menurutku poin yang paling penting yang bisa diambil dari data leak ini adalah nama lengkap email nomor telepon bocor data data itu sangat sensitif nomor telepon bisa dipake buat bajak otp sms tgl lahir bisa buat nembus pertanyaan keamanan,
terkuak juta data pengguna tokopediabocor,
juta data pengguna tokopedia dituding bocor,
tokopedia dikabarkan mengalami masalah keamanan yang mengakibatkan data dari juta pengguna mereka bocor,
belasan juta akun tokopedia bocor di dunia maya bagaimana bisa,
segera ganti passwordnya untuk ini bener ga,
geger dugaan bocor juta data pribadi pengguna tokopedia,
guys ngingetin aja lagi ada kasus hacker yg bisa menjangkau password dan keamanan data pribadi kaliandiubah malem ini ya kalo bisa seluruh password kalian,
untung ga pake tokped,
udah valid bang soal ini,
wah tumben tumbenan,
serius serem iih,
punya akun tokped terus ngga pernah belanja di tokped aman ngga ya,
valid bang soalnya saya nabung reksadana di tokopedia takut jebol nih,
security sekelas tokped dong bisa ke bobolan,
serius bang,
sebenernya yang harus di ganti password akun toped atau semua jenis password akun2 lain sih bang bank reksadana sosmed dllnya,
sebanyak juta data pengguna tokopedia ditengarai bocor perusahaan e commerce besutan william tanuwijaya ini angkat bicara mengenai hal tersebut,
sumber tertera,
well sebenernya yg harus kalian khawatirkan bukan password nyakalian inget ada alamat lengkap kalian nomor hp alamat email rekening kalian itu sih yg harus kalian khawatirkan takut ada yg jebol selagi nunggu konfirmasi dari tokped mendingan antisipasi dari sekarang,
ku jadi takut yg tadi kamu kirim,
kalo udh di disconnect msh bisa di hack ga ya ak login pake gmailll,
sudah lama tidak pake tokpedd sudah uninst apakah masih aman,
terima kasih bang eca atas infonyaa,
here s what you can do ubah password tokped lo sekarang enable faubah password email lo sekarangubah password sosmed yg lo pake gue saranin untuk logout all sessions dan login ulang sekarangjaga2 aja better safe than sorry kan,
thanks udah di ganti,
efek gabut nih orang jadinya iseng,
better safe than sorry sih emang thank you infonya bang jadinya bisa narik akun jenius dulu sambil nunggu statement dari tokpednya,
udah lupa pw tokped sendiri udah diunistall malahan aman kah,
baca dinnnnn baca,
anjirr,
ah gila merinding aku conectin rek ke tokped karna aku ngelapak disana kira2 aman ga ya aku si lg gaada aplikasinya udh lama ga digunain jg semenjak ganti hp,
untungnya ga main tokopedia,
gaes urgent segera ganti password akun tokopedia kalian yaa tokopedia kena kebocoran data,
ga ada pengaruh nya kalo uninstall apk mah kan yg di bobol datanya langsung dari database tokped,
kalo gak punya cc gak masalah bg,
kok gabisa ubah password ya bang keterangannya parameter yang dibutuhkan tidak terpenuhi,
juta data pribadi pengguna bocor begini jawaban tokopedia,
untung makenya shopee,
apa kabar yg nyimpen data cc di tokped aman kah,
udh gk bisa ganti pasword malah lgsg ke luar sndr,
ah nu baleg mangg,
yg bilang dah uninstall tokped terus nanya masih aman apa ga jawabannya gak karena ini datanya langsung ngambil dari server tokpednya saran gw sih ganti pass aja akunnya,
oke bang siappp,
gimana ini nakama,
yang ada reksadana gimana ya tarik aja apa gkusah soalnya kan lagi weekend juga,
bener gak nih bang,
kalau yang gatau cara two factor authentication nya tokped1 log in dari browser hp kalian trus paste ini di url addressnya pastikan no hp kalian yang terdaftar di tokped aktif yahlanjut,
tokopedia diduga diretas juta data pengguna bocor,
download google authenticator masukin email tokped kalian masukin angka yang ada di halaman tokped4 buka lagi browser yang ada halaman tokpednya masukin angka yang dikasih sama google authenticator ke halaman tokped5 two factor authenticator kalian sukses deh,
berlaku untuk yang mitra tokopedia juga gak,
bentar dah td gue lihat email gue domainnya di akun tokped bukan gmail itu emang dr sana apa gimana ya,
gw login pake google,
berhubung gue jarang bgt pake tokped td gue cek sih jd helma at dumoac dot net gitu data gue kena ga si,
smaa nih panik gimana ya,
sereeeem ya allah untung w pakenya syopi,
masa mesti nunggu sampe hari kerja lagi,
juta data pengguna tokopedia diinformasikan bocor ini daftar email password sebagian korban,
gk cuman gnti password sih kan email ada verifikasi langkah tuh nah itu juga diaktifin,
data pengguna tokopedia bocor sementara itu semua orang disarankan ganti password hello everybody seperti ini gak sekadar ganti password terus urusan selesai coba tengok foto ke 2 di tweet yg saya rt data pribadi dijembreng di file txt jangan2 itu data pribadimu,
holy sh,
mel,
unsalted password hashes apa bener ini tokopedia gak pake salt buat passwordnya,
ihhh serem,
walaupun gak pernah belanja di tokped tapi data diri mbak yg ada di dalem akun nya tetep tersimpan di database nya tokped dan itu yg jadi sasaran,
barusan dapet info dari beberapa orang yang punya koneksi ke bidang infosec katanya passwordnya ter salt tapi datanya valid kalo dari pembicaraannya sepertinya breachernya dapet semua datanya kecuali saltnya ya semoga beneran begitu dan semoga toped klarifikasi segera,
konsekuensinya kalo ter salt setidaknya password kita cukup aman karena lebih sulit untuk dijebol menggunakan rainbow table sekarang berarti tinggal bersiap diri kebocoran data pribadi massalnya yang akan melegenda deh,
oalah pantesan dr kemarin dapet sms verifikasi trs padahal blm download tokped lagi huh,
ngeri ah,
pake kannn coba baca,
punya ga ndang diubah,
klow selama ini gk pake kata sandi gmana ya,
ya allah baru bikin akun tokped padahal,
gue barusan ganti password tapi abis ganti password tokped kayak down gitu,
izin retweet ya mas,
gua oubya apk tokped tapi gua gak pernah login tapi ini tiba2 udah login nama gua nomor gua tp ini jual barang paham gak maksud gua email nya bukan email gua dan alamatnya jg kediri to bukan rumah gua yg dulu,
syukur gua setia ama shopee dan bukalapak ga pernh blnja di akun hijau nih hehe,
udah gw ganti password apakah udah aman,
cara mau hapus akun gimanaa,
wkwkkwk nih saya ss in kak,
gw lebih ngeri personal data nya damn,
nitippp,
walopun gk punya cc kalo yg punya toko kyknya cukup bermasalah rawan dicuri saldonya,
done kalo ovo ganti password juga gak mas,
ada ada saja,
takutnya ya sekelas tokped aja bisa sampe jt gimana shopee takutnya merambaah,
bang mau tanya buku tabungan tuh yg mana ya soalnya belum pernah ada bukti belanja ini akun lama cuma emailnya aktif pas bikin akun baru email lamanya gak bisa dipake lagi,
lagi marak ya kasus hacker dan kejahatan online,
bentar lagi hacker nya kena virus mampus,
login pake nomer tp pas ganti password udah sukses keluar dari apps pas masuk lagi malah bikin akun baru gimana itu ak ga paham,
wow salut yg bisa retas database hash24 tokped ti ati,
yg punya reksadana bahaya dong,
mana di sana bisa invest emas datanya gimana tuh aman gak ya,
biarin aja mendingan,
ganti semua password usahain passwordnya pake huruf angka besar kecil spesial karakter,
bener juga sih om kebocoran data pribadi paling penting karna bakal kena di smua aspek ke depannya,
juta data pengguna tokopedia diinformasikan bocor ini daftar email password sebagian korban untuk menghentikan keresahan rakyat utama nya pengguna harus di audit oleh timgab tapi platform ini pendukung penguasa kalok gak salah,
iyaa gw juga gitu gimana ya,
tokopedia leaked the database thread semua bermula dari twit ini ane dan temen ane lgsung cari2 kejelasan infonya dan cek ke forumnya langsung dan ternyata sang actor menjual file yg berisikan database yg leaked 15jt data itu seharga eur,
tokped ada si cuma gapernah di pake,
kalau masih bingung seberapa besar impact tokopedia hack terhadap keamanan cyber di indonesiapengguna internet di indonesia juta database tokopedia juta database kalian sudah bocor kalau dibandingkan dengan seluruh penduduk indonesia berarti sekitar,
lah ak uninstall tokopedia gmn,
ati ati tokopedia kok kata kawan ada kebocoran data,
itu kalau bener data tokped bocor ada email dan password sebaiknya ganti password email yg terdaftar di tokopedia sekarang karena yg pertama dicoba itu siapa tahu password email dan password tokped sama sering kali sama email kena semua bisa kena hehe,
masih salt bro datanya belom ke decrypt,
ini gimana nih,
tips yg aku lakuin mulai tahun ga pernah lagi pake password yg readable atau yg gampang diinget kebanyakan pakenya password manager chrome by google hanya inget password akun google ajabtw check juga di email gua termasuk list di c,
yg bocor data pribadi karena nama alamat email nmr hp semua berupa plaintext untuk password terenkripsi hash function bisa dibilang akun masih aman tetapi data pengguna yg bocor bisa dijadikan sbg target scam phising,
akun tokped aja atau yg lainnya,
nah aku jg gini,
punya akun tokped saved,
untung gaada rekening apa fufu 3,
bagi yg merasa was karena kasus tokopedia bocor ini coba check tweet dah share tips yg aku pake mulai thn,
sama,
halo tolong konfirmasi terkait kebocoran data apakah itu benar kalau iya bagaimana cara menghapus rekening dll bila perlu menghapus akun terima kasih regards adhi kusnadi,
serius mau nanya dah kalo udah ganti pin sama password akun kita terus udah login ulang lagi buat belanja aman aman aja gak sih apa mending jangan ada transaksi apa apa dulu yak,
jangan ada transaksi dulu deh kyknya walaupun udh ganti password,
kak pass topked sy sudah diubah dr maret yg lalu tapi gak lama ganti pass saya uninstall krn gk pernah dipake buat transaki belanja online itu gmn kak,
kebetulan gw punya beberapa layer untuk password 1 marketplace forum dsj2 social media3 banking dan payment account3 tipe akun diatas 3nya beda passwordnya kalopun leaked palingan yang bocor password forum dan marketplace gw,
kalo lupa pernah masuk akun atau engga ke tokped gmn,
lebih baik akun ovo nya disconnect dulu dari akun tokped,
iya nih kita harus ganti password tapi coba deh di cek ini dulu,
gue juga gini nih beda beda1 pass gmail2 pass sosmed kadang tiap sosmed pun masih beda beda wkwk 3 pass banking4 pass shopping,
klo log in pake google gmn,
kalo kaya gua gmn dong dwnld tokped gapernah beli,
maaf nanya ini akun tokped ku cmn pake nomer hp aja gk terhubung sama email gmn ya kalo gitu ttp aman kah atau harus dihapus aja,
pw mana yang diubah pw twitter lus,
hai kak maaf ya buat kendalanya yuk cek dmnya kak thanks,
info dong bang kalo lupa password akun tokped tapi konek ke ovo dkk sama password email tokped udah diganti aman kah,
halo apakah berita kebocoran data itu benar saya sbg pengguna tokped agak was was,
kalo lgsg diapus aplikasinya gimana bang,
sama kaya gue,
percuma mau kalian mau fa dan ganti pw ibarat nya kalian udah kemalingan baru gembok pintu rumah dan sistem proteksi akun tsb cuma digunakan untuk login dengan normal kalau seperti ini beda kasus nya mereka dapet langsung dari database tokopedia nya sendiri,
ayo beli lagi tuh data yg udh bocor jgn cm ambil untung aja itupun kalaudatnya belum dibeli org lain,
bukanya kalo jenius si e card nya ga di isi ga akan bisa di belanjain yah,
bisa tembus ke data base aliggg,
nice inpoh gan,
km ada akun tokped ga coba ni takutnya punya,
bisa jadi karena kebocoran data di beberapa platform,
kemaren juga saya bermaslah di toped,
akun tokopedia bocor bahaya scam dan phising mengancam,
buat yg pake tokopedia ada kabar buruk nih kurang lebih juta database di tokopedia bocor dan datanya di sebar di forum online bahkan malah di jual,
data jutaan akun tokopedia dilaporkan bocor supaya aman anda bisa ganti password aktifkan verifikasi dua langkah dan hapus alat pembayaran,
data juta pengguna tokopedia dikabarkan bocor,
sebagai toko online terpercaya di indonesia harusnya bisa meminimalisir kebocoran data pengguna internet juta bukan angka yang sedikit,
gw pake fa two factor auth jd gak terlalu khawatir password tiap akun lain beda2 itu jika tokopedia terbukti atas kesalahannya sudah pasti melanggar hukum ite atas kelalaian kebocoran data denda,
saya mau hapus akun bank saya kenapa tdk bisa ya gara2x baca kebocoran data di kompas hadeuh ngeri dah,
juta data pengguna tokopedia dikabarkan bocor beberapa jam yang lalu salah satu marketplace terbesar di indonesia yakni tokopedia kabarnya mengalami masalah kebocoran data terhadap juta akun pengguna dan dijual di sebuah forum bersumber dari,
isu kebocoran data pengguna tokopedia memunculkan pertanyaan terkait keamanan kartu kredit dan ovo di dalamnya apa kata ahli keamanan siber,
pranala menarik bagi developersha2 384 hashing algorithm,
juta data pengguna tokopedia bocordan terjadi lagi dan sampai sekarang gak ada kepastian uu perlindungan data terutama yang bisa menghukum perusahaan yang lalai melindungi data konsumen,
beneran ini mas,
baru bikin akun tokped padahal assssyem,
lagi diinvestigasi nih tapi yg pasti sih gak ada kebocoran password yak mulai skrg rutin ganti password deh buat mencegah,
untuk apa diubah kan data sudah ditangan mereka,
lakukan pengecekan data breachuntuk memastikan apakah akun email anda terdampak pada kebocoran data di tokopedia silahkan di cek di situs,
belasan juta data pengguna tokopedia diduga bocor apa yang harus dilakukan untuk memproteksi akun di e commerce,
km pk tokped kan,
tadi abis hapus apl tokped dan sekarang baru tahu info ini gimana dong aman gak yaa,
informasi mengenai tokopedia yang kebobolan total data yang bocor adalah juta data pengguna bukan cuma juta saat ini dijual bebas di empire market dengan harga 5 000 atau sekitar juta rupiah,
kerugian apa sj dr pengguna apps tokped dg pembobolan ini mas,
asli email gw ke log data nyaa bang hahaha,
ada sebuah situs yang bisa dikunjungi untuk mengetahui apakah e mail yang digunakan di akun tokopedia terdampak kebocoran data atau tidak,
tokopedia jawab soal kebocoran juta data pengguna anda boleh bilang data pengguna aman tapi kalau beneran tsrjadi kebocoran terus gimana bung,
juta data user tokopedia bocor apa yang harus kita lakukan di media sosial sedang ramai data pengguna tokopedia bocor dan di perjual belikan di dark web kenapa bisa bocor dan bagaimana cara mengamankan akun kita mari kita bahas sedikit,
update 91 juta data yg dijual di forum deep web sudah ada yg membelinya,
dear you data pengguna tokopedia bocor cek apakah akun anda terdampak,
astagfirullah anakku kalo beli apa2 di sana,
ka pen nanya nih apk tokopedia nya udah dri lama ku hapus karna jarang brlanja disitu nah klo kek gini msih bisa nga si dihack,
serem bgt bwanfg,
sudah dikonfirmasi data yg dipastikan bocor nama lengkap email nomor hp jenis kelamin tanggal lahirupdate password email yg kamu gunakan dan tambahkan verifikasi langkah beberapa hari atau bulan ke depan email kamu akan menerima banyak spam termasuk phising,
bisa,
data kamu diperjualbelikan akan menerima banyak email spam di kemudian hari termasuk phising untuk mencuri informasi akun lainnya dan juga kartu kredit tidak menutup kemungkinan akan digunakan untuk penipuan lainnya karena nomor hp juga termasuk ke dalam data yang bocor,
langsung apus wkwk,
klo semisal pke no lama buat daftar ke tokopedia dan no nya udh g aktif lgi gimana ya maaf numpang nanya,
apa masih ke data ya alamatnya,
lah kalo punyaku belum ku update apa gapapa astagfirullah aku bingung,
akun toped ku pernah dibobol orang dan kebetulan ditoped ku itu nyambung sama ovo dan akun aku dibuat langganan tagihan nya dia mulai dari pulsa listrik air dan otomatis saldo ovo ku yg terpotong tanpa harus masukin pin ovo nya dan baru ketahuan pas udah kepotong saldo aku,
ntar yg tanggung jawab bro kan ada di terms and condition wkwkwk,
nih deeen sedetail ituuuuuinfo yg bocor,
duain,
contoh isi database pengguna tokopedia dari si hacker ngeri blm lagi nomor rekening alamat rumah dll,
iyaa udah telat sih sekarang sebenernya karena data kita ada di situ juga,
kd ingt kam aku pass tokped,
data pribadi adalah privasi terpenting kita di internet dan sangatlah rentan untuk dicuri orang lain buat kepentingan yang jahat salah satu cara untuk mencegah ini ialah mengganti password email anda dan bedakan password tiap email dan socmed anda,
data pribadi pengguna e commerce tokopedia dituding bocor dan ditawarkan di forum online bagaimana keamanan penggunaan tokopedia saat ini,
metode pembayaran kan banyak dr bank kalo ditabrakin data nama ttl dpt juga dong informasi nomor rekening sm kartu cc,
pakar juta data bocor tokopedia jamin tak ada kebocoran data,
kominfo telah menyurati tokopedia terkait kebocoran data pengguna,
pakar sebut juta data pengguna bocor tokopedia tidak ada kebocoran,
begini cara cek apakah akun tokopedia milikmu terkena dampak kebocoran data pengguna atau tidak,
banyak sekali hal yang sudah lakukan buat saya banyak barang yang saya miliki saya beli tentunya dari tokped dan saya yakin ada banyak juga penjual kurir karyawan yang menggantungkan hidupnya dari aplikasi ini,
enggak ada salahnya mengucapkan terima kasih dan apresiasi untuk isu kebocoran data ini ya jangan panik namun tetap waspada big thanks for your service panjang umur,
untuk cek data kamu yang di tokopedia kena dampak apa engga bisa ke dan masukkan email yang kamu gunakan tapi sampai saat ini mereka cuma punya data yang juta untuk data yang juta dipastikan semua pengguna tokopedia datanya bocor,
tokopedia memastikan tidak ada kebocoran data pembayaran dalam upaya pencurian data penggunanya baru baru ini,
juta data pengguna dan lebih dari tujuh juta data merchant tokopedia dilaporkan dijual di situs gelap dark web informasi ini didapat dari akun twitter yg familiar dengan isu peretasan dan juga pertama kali menginformasikan kebocoran data pengguna tokopedia,
wahhh benarkah ini data pengguna merchant tsb dijual dengan harga usd rp juta kurs rp di situs gelap informasi ini didapat dr akun yg familiar dg isu peretasan jg pertama x menginformasikan kebocoran data pengguna tokped,
kok malah kena yg bukalapak,
data juta pengguna tokopedia telah di hack dan dijual ke dark web kominfo telah menyurati tokopedia terkait kebocoran data ini,
bukalapak dah leaked duluan,
trus gw harus gimanadong ini,
setiap informasi yang masuk sebaiknya diperiksa dulu dan divalidasi cari tau dulu tentang kredibilitas btw akunnya verified orang dibalik website ini juga jelas juga privacy policy mereka,
gw udh bikin thread kumpulan tips dari kasus ini semoga bermanfaat,
pusing,
ngeri,
datanya udah dioplos itu mah,
diriku harus apa,
dapat email cinta dari yg jadi andalan kalau mau belanja ol dari awal saya merasa aman karena ada otp login ada kode sms cuma bagaimana dg data lain nomor hp alamat tgl lahir yg link ke email apakah bocor kl iya bs dipake buat kejahatan lain spt scam,
sehubungan dengan adanya berita kebocoran data pengguna tokopedia saya kesulitan mengakses akun saya apakah itu berarti akun saya sudah bocor,
saya khawatir bukan karena orang akan login tetapi data lain spt no hp email alamat gender dll bisa dipakai buat kejahatan lain,
kalau ini kekhawatiran mas fahmi mas fahmi bisa cek langsung ke tokopedia apa saya yang sudah di berikan mengenai data pribadi dan data base apa aja yang udah bocor biasanya data user pun di bagi beberapa database untuk keamanan dari kebocoran kedua untuk kemudahan relasi,
kenapa drama korea booming sekarang di indonesia karena sinetron indonesia bertema serupa juga telah sukses laris di pasaran berikut contohnya cinta fitri season eps chsi season eps orang ketiga eps cinta suci eps,
pemerintah melalui kementerian kominfo akan memanggil tokopedia terkait kasus dugaan kebocoran juta data pengguna di situs gelap kapan,
kemaren zoom sekarang tokped gaada harga dirinya data diriku,
kak ini caranya gimana,
sebanyak juta data pengguna tokopedia bocor menjelang promo ramadhan bertajuk bagi bagi semangat ramadhan,
jt informasi org indo hanya worth k sad but not surprised,
udah ada yg beli tuh orang,
untung gw daftar pake tempmail,
semangat buat teman customer service saya tahu masifnya pemberitaan isu mengenai kebocoran data skrg ini tentu membuat kalian bekerja ekstra,
sbg pengguna layanan anda silakan beri penjelasan terkait kebocoran data pelanggan,
gw ada akun cuk,
belasan juta data pengguna tokopedia diduga bocor di dunia maya baru baru ini,
mana ngejualnya murah bgt astaga harga per bijinya sen pun ngga nyampek,
disaat dilanda kebocoran data mendukung penjualan masker dengan masuknya di dengan harga rb per box haha,
tokopedia mengklaim informasi password milik pengguna tetap aman dan terlindungi dengan sekuriti berlapis namun tidak ada salahnya untuk mengecek apakah e mail anda ikut terdampak,
terkait kebocoran data akun juta penggunanya e commerce tokopedia menyampaikan bahwa data penting yang berhubungan dengan pembayaran dipastikan tetap aman,
byk org indonesia mikir selama akun tokopedia saya tdk dihack saldo tdk berkurang maka saya aman kebocoran data privasi malah efeknya bisa lebih parah daripada sekadar akun yg diretas,
ntaps,
saya ingin akun saya di hapus dulu dalam database tokopedia mengingat kebocoran data yang dialami mohon akun toped diputuskan dengan ovo mohon ditindak lanjuti,
waduuu gimanani,
cuk,
malah canva sm bitly,
read this thread soal kebocoran data di,
kalau login tokpednya pake nomor tlpn dan ga pake sandi apa dong solusinya bingung ini mau ganti password tapi g pernah pake mau di reset harus nyantumin email karena sebelumnya g ada email di akun itu,
beware,
bangsat,
ada notif gini nih dari tokped baru bngt,
cok kena pula,
bagaimana cara bertanggungjawab untuk kebocoran data pelanggan seperti diberitakan,
ini kenapa pada ikut ikutaaaaaaan,
saat ini apakah ada gangguan di kok aplikasi tdk bisa dibuka saya was2 terkait dgn adanya isu kebocoran data pengguna cc,
weeee,
adaada aja dah,
kalo uda bocor terus kita harus gimana,
setelah juta data penggunanya dikabarkan bocor tokopedia menjadi ramai dibicarakan warganet dan menjaditrending topicdi twitter pada minggu siang,
coba cek email kaliannn,
dubsmash sampe skrg masih ada ya,
baru baca ini langsung dapet email dari tokped,
padahal dr semua aplikasi olshop di indo yg lagi leading tokped sangat2 di sayangkannn,
punyaku terbobol x ternyata,
saya muncul nya gini mas,
ylki juga meminta pemerintah untuk turun tangan dalam kasus peretasan sistem it di tokopedia guna memberikan perlindungan dan rasa aman konsumen ujar ketua pengurus harian ylki tulus abadi,
kalo loginnya gak pake email tapi pake no hp gimana ya kan gak pake password buat login,
hiks,
ga ada press release tentang kebocoran data yang terjadi,
aman,
iya pak on progress crisis management mana besok mega day pula,
edmodo dong yg kena,
in begimane bro,
kepada pekerja tokped waktu dan tempat saya persilahkan,
ngeri bgt cuy email gw dah kena2 pula,
kabar kebocoran data tokopedia ramai dibicarakan warganet,
lahh perasaan w ga pernah maenan dubsmash tf,
pemerintah melalui kementerian kominfo akan memanggil tokopedia terkait kasus dugaan kebocoran juta data pengguna di situs gelap kapan via,
ngecek kebocoran data yg katanya dari tokopedia ternyata bocornya dari bukalapak ternyata udah setahuunnn,
banyak banget daah dari bl canva dubsmash edmodo hhhh tolong,
tokopedia should have just bought it back,
dari dulu emang ga minat pake tokped,
that s the noble way to do but instead they downright deny the allegations sadly,
beli lg lah,
data gua gabakal laku juga soalnya,
datanya sudah laku juga yang di jual di deepweb,
kalo loginnya pakai touch id aman gak,
harga data diri gw mahal ugah jadi senyum sendiri awww,
jah malah di bukalapak yang kena,
semenjak lockdown banyak maling onlen ya hm akibat semua serba online,
langsung bukalapak canva sm emodo wkwkwk ini gmail game lagi yg dipake hadeh,
ini kamu habis belanja apa gimana,
aneh,
ini malah dubsmash,
yang kena malah aplikasi yang malah lupa kalau pernah punya usernya,
njir buka lapak canva sama tokped,
pak bikin dong uu perlindungan data pribadi,
ganti passwrd bukan dari device terakhir2 gunakan strong combination psswd3 aktifkan verifikasi langkah di gmail anda 4 periksa kelola perangkat di pengaturan email dan lepaskan semua perangkat terkait 5 hapus semua app terkait yg dapat membaca aktifitas email kamu,
ganti passwrd bukan dari device terakhir2 gunakan strong combination psswd3 aktiafkan verifikasi langkah dki gmail anda 4 periksa kelola perangkat di pengaturan email dan lepaskan semua perangkat terkait 5 hapus semua app terkait yg dapat membaca aktifitas email kamu,
ganti passwrd bukan dari device terakhir2 gunakan strong combination psswd3 aktiafkan verifikasi langkah dki gmail anda 4 periksa kelola perangkat di pengaturan email dan lepaskan semua perangkat terkait 5 hapus semua app terkait yg dapat membaca aktifitas email kamu,
ya allah sempet was2 tadi pas baca berita soal tokopedia alhamdulillah setelah mendapat kepastian bahwa data pembayaran tetap aman kini udh gak was2 lagi meskipun tetap hrs waspada karena kejadian seperti ini bisa menimpa platform e commerce apapun,
ganti passwrd bukan dari device terakhir2 gunakan strong combination psswd3 aktiafkan verifikasi langkah dki gmail anda 4 periksa kelola perangkat di pengaturan email dan lepaskan semua perangkat terkait 5 hapus semua app terkait yg dapat membaca aktifitas email kamu,
tokopedia beli lagi lah,
saatnya ubah dari password ke passphrase,
itu gabisa ditangkap ya pelakunya meresahkan banget knp sih pakai curi2 data pula,
padahal lagi sohib2 nya ama ovo n grab,
tokopedia memastikan tdk ada kebocoran data pembayaran ujar vp of corporate communications tokopedia nuraini razak seluruh transaksi dgn semua metode pembayaran termasuk informasi kartu debit kartu kredit dan ovo di tokopedia tetap terjaga keamanannya lanjut nuraini,
udah dari tahun yang lalu kena ternyata,
loh ko zomato,
otw secure kan akun thx infonya nder,
wajar kalau sebelumnya saya sempat was2 saat baca berita soal kebocoran data pengguna karena saya biasanya belanja online lewat tokopedia tapi alhamdulillah setelah cek langsung disini akun ternyata aman aman saja teman2 pengguna tokoped bisa cek jg,
wah cok pindah bukalapak cok gih,
mau ngecek kebocoran data dari tokopedia ternyata yang bocor dari bukalapak ipusnas youthmanual yahoo canvadan itu semua ternyata udah dari lama terjual di dark web apalagi bukalapak,
untung pake shopee,
untung aku anak syopi bukan tokped 3,
amannn,
kronologi lengkap juta akun tokopedia bocor dan dijual,
anjirrr,
please keep it safe,
klo kek gn artinya gmn y serius nanya,
kek smpah,
biar pada tau,
malah akun canva,
modus penipuan skincare preloved om swastyastudengan menyebut nama tuhan,
kalo yg kena nya bl gimana,
aplikasi mitra tokopedia termasuk juga ga si,
tadi pagi sempet ketar ketir baca tentang dugaan kebocoran data di tokopedia syukurlah udah ada kepastian keamanan hampir aja tadi uninstall,
ganti password aktifin fa di emailnya sama ganti akun email yg nyangkut di sosmed atau akun aplikasi yas,
cek pay,
wew,
gua kena,
pfft bitcoin mending gua pake judi di monopoly live,
gua bro,
gua bro,
tuh bukan cuma zoom,
hai kak iqbal perihal hapus rekening utama saat ini belum bisa dilakukan ya kak info selengkapnya bisa kakak cek pada link berikut ya thanks kak,
kenapa tokopedia malah gak ada malah bukalapak sama canva,
data2 di tokopedia baik ktp nomer rekening no hp bisa dihapus akun toped bisa dihapus terus ngapain aja tokopedia setelah tragedi kebocoran data ini,
aku kena sama canva waktu di cross check infonya bener apa engga muncul ini bulan dan tahunnya sama kaya yg disebutkan,
hackerrrr kejam bgt si,
empire market siapanya sunda empire,
nitip gan,
dah terlanjur satu orang lagi siapa yang mau wkwkkw,
breach,
kak kalo udah terlanjur gmnaa soalny td cek dataku kebobolan,
cek pin coba,
ini liatnyaa dmn sii,
woy cek woy kan u pengguna tokped,
ah damn,
haha emang dampak e seko kebocoran data opo dhi,
cara cek akun yang pernah bocor seperti kasus tokopedia,
ini apaaaa plsss,
edmodo aing kena,
ramadhan kali ini beneran panen banyak pahala,
anjir gw malah pizap,
punya gua kebobolan di dubsmash astaghfirullah sudah jaman kapan wahai sobatqu,
mau tanya dong udh lama ga log in nih terus mau ganti password kan terus muncul kayak gini gimana nomor aku udah ganti kalo di klik nomor sy sudah tidak aktif suruh masukin ktp atau buku tabungan gitu gimana ya emailku kenak soalnya,
gua jg pdhl gapernah pake eyeem curiga deh ini website haveibeenpwned ini ga valid,
dulu bukalapak juga pernah dikabarkan bocor data sekarang tokopedia tapi ada website yang buat cek kebocoran data yang kebaca nya bukalapak yang tokopedia belum atau gimana ya,
jangan salah ini kan yg terekspos baru tokped,
ball,
ini yg suka sms biope ia dapat data gw dari sini kali ya,
mohon konfirmasinya apakah benar krn saya coba ganti password todak bs,
opo wi,
mas boleh tanya apakah memang pengguna tokopedia sampai juta akun just out of my curiousity terima kasih sebelumnya,
harus dituntut bertanggung jawab atas kejadian tersebutkebocoran adalah tanggung jawab atas system yg mereka milikimakanya belanja system online bukan tak bagustapi bisa merugikan yg a l barang belum tentu sesuai system data bisa bocor yg rugi pelanggan,
ini sebenernya aku bikin pas zoom kemarinmungkin bermanfaat,
hacker e butuh nggo tuku klambi anyar ketoke,
sialin,
ni buat u,
gak cuma yg online maling offline lebih berbahaya haha,
fyi untuk harga juta rupiah untuk juta data pengguna itu murah banget artinya data pengguna dihargai cuman rupiah,
hamdalah aman semua,
bukalapak juga pernah bocor kah soalnya pas cek nggak ada tokped tpi adanya bukalapak canva dubsmash sama ai type,
kok kakak bs dpt email dari tokped ini aku udh ganti password tapi ttp aja takut,
digunakan untuk bertransaksi yang menggunakan promo ya selengkapnya kakak bisa cek pada link berikut thanks,
mas tolong solusinya dong temenku juga kena di akun canva udah kusuruh coba login dlu di canva untuk deactivate akun baru ke akun google buat mutusin hubungan aplikasi eh dia kebalik malah yg akun google dlu alhasil masih merah pas cek aku ikutan panik dong,
oke ini unpopular opinion tapi kemurahan sih itu juta buat juta data,
jutaan akun pengguna bocor tokopedia pastikan data pembayaran tetap aman,
duhh padahal aku suka lagunya tokped yg di tv,
kayaknya kasus data pengguna tokopedia yang bocor lagi rame ya adanya kasus ini nih membuat kita sadar bahwa tidak pernah ada jaminan data kita aman di dunia maya kali ini cfds ada tips nih untuk tetap meningkatkan keamanan digital kita dari swiper swiper digital yuk simak,
shopee temen aku udah kek gini,
ini yang tadi ya,
serem,
ini saya juga dapet email ini tgl feb saya gk punya akum kredivo dan gak pernah beli kayak ginian ini kira dampak nya gak sih asli gw takut bgt,
alhamdulillah toped ku aman,
shoppe bentar lagi number one everyday ckck,
kak klo boleh tau ini data nya bocor sejak kpn kalo baru daftar setelah kebobolan apa data nya ikut bocor kesana,
kl log in via facebook gmn,
ku harus gmn,
pas cek ky gni ada akun bukalapak ke bobol trus td nyoba mau ubah password pas bgt ada sms gni ini creepy ga sih,
serem bgt dah,
serem berarti dataku wkt gabung tokped tahun is there even skrg sama sekali ga pernah pake tokped tahunan,
bah lupabapak sama tumblr yang kena,
jadi nyesel terlalu percaya sama e commerce online dll diapa2in emang aman manual sih drpd virtual,
tah eta,
penyangkalan dari pihak via email kepada pengguna soal kebocoran data hack,
ini juga doong,
akun pengguna tokopedia bocor di forum online yang bisa diakses oleh siapapun di dunia maya,
wah pie ki wkwk,
dear juallah reksadana sekarang sebelum ilang,
anjirrrr aku baru beli lagi padahal wkwk okelah aku tarik,
sepertinya ada yg kerja rodi,
astagaaaa ada ada aja,
terus mesti gimana dong,
tolong masalah kebocoran data pengguna tokopedia ditindaklanjuti karena data pengguna itu sensitif dan bahaya kalau sampai disalahgunakan,
hah,
gatau nih aku juga baru download tokped mungkin makanya blm kena tapi takut juga sih kedepannya ada kasus kayak gini lagi,
ini gimanaa,
wadohh,
itu knpa harus disensor,
ngeri kali bah,
loh saya malah bukalapak ternyata tapi itu dan banyak banget data saya yg ke detected ada platform,
pake email forwarding service aja jadi tiap ada pemberitahuan data breach lu tinggal ganti alias cek mereka gratis opensource plus di backing sama github pake buat daftar di akun2 yang gapenting kalo lu rada pikun bisa pake password manager,
bl sama canva kena ya jadi langganan semua orang ini,
sebelahan beh sering main bareng,
serius nanya kalo hapus akun tokpednya emg gabisa ya,
aku biarin mbak no hp ku yang di tokopedia juga udah ga aktif lama serem malah kalo disuruh fotoin ktp ama buku tabungan pribadi bgt kan itu,
hapus akun nya aja bisa ga si,
barusan ngecek dan kena pwned dong ini bisa membobol rekening juga ga sih akun toped ada norek nya juga euy,
nice,
ini respon dari ketika ganti password penuh,
taaahh,
ini kenapa dubsmash,
anjir canva,
waw,
gue juga yang kena bukalapak,
spam phishing udh pada muncul satu persatu njeerrr tp gw boongin dengan cara masukin password bulanpuasajanganbanyakinmaksiat wkwkwkwk mana tau mereka juga baca,
sama bukalapak juga,
cuk piye iki bos tokped,
suka nyesel njir donlot tokped pdhl w g pernah make jg,
saldoku aman bang,
gmn ni,
ini bukan ulah nya wave kan,
malah canva yg bocor,
untung ga pengguna tokped,
jangan dong,
kalo misal lewat google loginya tapi acces ke google sudah saya hapus kira2 gimana ya,
ya allah,
kehancuran unicorn indonesia,
kaget sih pas tadi pagi dapet kabarnya di line today ko ya bisa bisanya kena dark web,
ga gitu caranya dong mas data nya ga di cut cuma di copy tokped ga kehilangan data cuma data kita nyebar gitu cmiiw,
praktik jual beli data sbnrnya udah lama adapembeli ya marketingtar tiba2 ada spam email penipuan dll gtbiasanya data yg di grab itu dr profil email nama no hp no rek no cc apapun itu yg ada dlm database tersimpanklo skrg trx cc kan pake otp pin,
bayangin kalo ada kasus lagi dan yg didapet data ktp buat kalian2 yang rela ngasih foto ktp demi diskon di startup2 lainnya datamu receh wkwkwkwkssss,
samaaa,
kena dong gue,
baru mau belanja di tokped begini caramya pindah ae ke shopee dah,
samaaaa,
kalo kena gmn,
ak ga pake tokped ak shopie,
bro traffic mu tokped mayan banter di cek disik,
aku dpt kaya gini dr tokped beneran aman ga sih,
eooo him,
nder ane dpt email ini apakah sy harus ganti pasword,
itu kan di cek di google acc bisa kan ya ngeliat siapa yg save pw sama email,
ker maca aya si ilhamlux,
ngeri ma nteng,
berarti datanya udah bocor di scroll ke bawah ada keterangan di app mana bocornya,
data pengguna bocor dan parahnya nomor rekening yang sudah kita daftarkan gak bisa dihapus tutup akun juga gak ada optionnya woi kalo gak bs jaga data pribadi kami kasih option untuk hapus akun donk,
gonku aman son,
denger tokopedia kebocoran data syukur belum top up ovo,
aku juga tapi aku dah lama gak pake canva harus gimana ya,
kayaknya iya deh kok bisa ya bikin akun kredivo pake email kamu tanpa verifikasi email serem bgt kredivo termasuk pinjol kan takutnya karena kamu ga bayar pinjaman atas data kamu nantinya bisa di blacklist bi karena kredit macet,
wkwk maaf keun,
kalau emang tokopedia bersikeras tidak terjadi kebocoran data kemungkinanya ya cuma tersangka utama free vpn app or app mod yg terinstall di hp masing2 data mining getoh yakinlah nyari data jt orang dalam posisi lockdown plus n wfh itu bukan hal yg rumit,
bukalapak jebol juga untung passwordnya masih encrypted semoga tokped juga gitu,
tokopedia harus tanggung jawab soal dugaan kebocoran juta data pengguna,
ahli keamanan siber telah mengonfirmasi juta data pribadi yang bocor di dark web aktivis ham minta tokopedia segera umumkan ke pengguna,
gugat biar kapok mereka meremehkan perlindungam data pribadi penggunanya,
ohh sama kayk tunanota dan proton ya bang,
emmm monmaap ngitungnya yg bener jt dibagi jt mas bukan sebaliknya jd per data nilainya cuma ribuan,
gua juga may wkwkwkkw,
heboh tokopedia kebocoran data padahal baru aja nyari2 sepeda fixie di tokped ehh malah parno nih fintech atau startup di indonesia perlu nih invest buat keamanan data pengguna mungkin itulah yg buat startup sekelas shoppee bisa terbang tinggi,
gataukkk alhamdulillah ga makek tokped aku huhu,
juta akun tokopedia bocor dan dijual di dark web apa yang harus kita lakukan sebagai pengguna yang mana data kita bocor dan di perjual belikan,
gmn nih min wah wah wkwkkw,
bang itu datanua bisa dibeli ama tokped ga serius nanya beli aja ituuu,
ini kok ga nanggepin apa2 ya diberita mereka bilang data penting dipastikan aman,
tagar kita mulai jam 00 yang ingin ikut viralkan tagar ini sila rt like reply tuit2 yang bertagar tambahkan tagar di tuitan masing2 jangan campur tagar lain,
tokopedia harus tanggung jawab soal dugaan kebocoran juta data penggunadownload link,
diduga kebocoran data tokopedia itu terkait dengan jual beli data,
gimana nih ga ada penjelasan dari kalau perlu memanggil dan minta pertanggungjawaban,
samaaaaa,
kominfo minta tokopedia selidiki kebocoran data,
hai kak boleh infokan ke cacha alasan mengapa tidak ingin menggunakan tokopedia dan ingin menghapus akun tokopedia ya thanks,
akun pemantau kebocoran data global membeberkan ulah peretas yang menjual data jutaan pengguna tokopedia menurut sekjen safenet konsumen berhak menuntut tokopedia bila tudingan peretasan terbukti benar namun belum ada regulasi yang menjamin hak itu,
tetap waspada slur,
slesaikan masalahmu cpet jgn iklan pop up di website anime doang dibanyakin,
maaf banget min tp krn isu yg beredar mengensi kebocoran data di tokopedia otomatis kmi para pengguna aplikasi pada parno dan merasa pgn hapus akun aja utk meminimalisir kerugian yg mgkin akan ada,
wah baru tau kalo tokopedia ga bisa ditutup akunnya trs tanggung jawab dg kebocoran data gimana,
seram,
pada heboh heboh bocor data tokopedia gw pernah begini pas awal lalu gw masih ga tau sih ini karena kebocoran data atau gimana tapi cukup bikin panik sampai gw minta blokir permanen cc gw karna takut carding,
buka langsung dari link yg dikirim di atas itu nder tadi aku buka lewat itu trus ada pilihan terjemah bahasa indonesia,
tokopedia punya otp one time password jadi begitu setiap login akan dikirim otp lewat sms atau whatsapp kata ismail tetapi data personal yang bocor email nama alamat tanggal lahir dan nomor telepon yang dapat digunakan untuk keperluan lain,
menurut ismail yang harus dicek pertama kali adalah sistem it dari situs tersebut pastikan jika sistemnya memiliki verifikasi ketika login tidak hanya login dengan email dan password langsung berhasil masuk more tips,
data pengguna tokopedia bocor terus bagaimana,
untuk tokopedia anda bisa cek di sini apakah bocor databasenya saat ini blm seluruhnya dimasukkan jd ada kemungkinan bocor meski tidak ada di daftar,
buat cek data kamu di udh kena hack apa belum krn isu kebocoran data sebelumnya silahkan masukan email di sini pwd berkala jgn gunakan pwd yg sama dgn email dgn akun lain apalagi akun yg berhubungan dgn rekening bank,
dear mohon klarifikasinya apakah kebocoran data ini benar adanya karena kami tidak berkenan apabila database anda yg berisikan data private kami diperjualbelikan,
begini cara mudah cek apakah data akun lo di tokopedia bocor,
menkominfo panggil tokopedia bahas kebocoran data,
apakah pengguna bisa mengajukan ganti rugi kepada pihak atas kebocoran data pengguna,
cara menjaga data personal di era digital melihat banyaknya kebocoran dan peretasan data belakangan ini tokopedia canva bukalapak dll aku coba buat thread dasar dasar digital personal security agar data kita aman dari hacker,
lagi musim kebocoran data dari tokopedia silahkan cek email kalian bocor apa enggak,
juta akun bocor kominfo panggil tokopedia besok,
kementerian komunikasi dan informatika kemenkominfo akan segera memanggil direksi tokopedia pemanggilan ini terkait dugaan kebocoran data pribadi juta akun pengguna layanan ecommerce itu,
terkait permasalahan ini saya telah meminta dirjen aptika untuk memanggil direksi tokopedia agar memberikan penjelasan terkait hal ini pertemuan akan dilakukan senin tanggal mei kata menteri kominfo johnny g plate di jakarta lewat siaran pers minggu 3 5,
johnny menyebut pihaknya telah berkordinasi dengan tokopedia terkait kebocoran data tersebut tim teknis kominfo juga sudah melakukan koordinasi teknis untuk menindaklanjuti adanya isu pembobolan data pengguna,
meski demikian ia menyarankan agar pengguna tokopedia untuk tetap mengganti password akunnya secara berkala demi keamanan dan kenyamanan,
sebelumnya akun yang mengaku sebagai layanan pengawasan dan pencegahan kebocoran data asal israel membocorkan tangkapan layar soal data tokopedia yang bocor lewat twitter,
jutaan akun pengguna tokopedia dikabarkan bocor dan dijual di forum online sejumlah informasi pribadi pengguna pun terpapar sehingga berpotensi dimanfaatkan hacker apa yang harus kamu lakukan agar akun kamu tetap aman intip di sini untuk tipsnya,
foto juta data tokopedia bocor dibobol hacker,
dg hrg segitu gimna klo aja yg beli sebagai bentuk tanggung jawabnya,
lagi ramai database pelanggan bocor apakah email password anda bocor juga di tempat lain cek di sini cek email untuk mengetahui di situs mana saja bocornya password apa yang anda pakai lupa email dan password mdro,
data tokopedia bocor pakar keamanan sebut masih aman,
kalau bukalapak bocor tokopedia bocor trus aku kudu belonjo nek ngendi,
akun tokopedia bocor uu perlindungan data harus dikebut,
iya ini malah bukalapak sama pizap facebook yg kena,
tips meningkatan keamanan akun dengan password managerkarena dari kmrn lg hits data tokopedia yang bocor kali ini saya mau share metode yg bisa ngurangin panik ketika ada kebocoran data lagi sebuah utas disclaimer ini pendapat pribadi kalau ada salah koreksi aja ya,
tokopedia diretas halo kembali lagi di news n fleek disimak yuk news n fleek hari ini ada kabar yang membuat kita para pengguna ecommerce merasa tidak nyaman meski tidak semua ecommerce yaa pasalnya baru baru ini sebanyak juta data pengguna disinyalir,
bocor dan hendak di perdagangkan di situs pasar gelap meski demikian pihak tokopedia sendiri mengakui ada usaha pencurian data penggunanya saat ini terdapat setidaknya sekitar juta pengguna aktif bulanan tokopedia dengan demikian kebocoran data menimpa sebagian pengguna,
data bocor tokopedia bisa dituntut karena lalai melindungi data pengguna,
dpr minta kominfo telusuri dugaan keterlibatan orang dalam terkait kebocoran data tokopedia,
min kira2 credit card kita masih aman ga,
hai toppers terkait kendala yang kakak infokan guruh infokan bahwa tokopedia memastikan tidak ada kebocoran data pembayaran seluruh transaksi dengan semua metode pembayaran termasuk informasi kartu debit kartu kredit dan ovo di tokopedia tetap terjaga keamanannya thanks,
menkominfo soal akun tokopedia bocor rajin ganti password,
mungkin yang punya akun tokopedia bisa di cek disini emailnya untuk ngeliat apakah data kalian bocor apa engga di website tersebut kalo memang engga bakal dikasi tau kebocoran lainnya di website mana gatau akurat apa engga tapi ya ku percaya firefox,
ga salah nih masa dalam waktu jam menit produk tampil sampai se ekstrim ini topads kalian sedang banyak banget problems kayanya penanganannya pun semenjak psbb terlampau lambat di tambah masalah bocornya data pengguna makin tidak tertangani,
hai kak tokopedia memastikan bahwa tidak ada kebocoran data dikarenakan sistem keamanan berlapis otp tokopedia selalu berusaha menjaga kerahasiaan data pribadi ya kak perihal kritik dan saran kakak akan menjadi pertimbangan kami untuk tokopedia di masa mendatang makasih,
eh ini kebocoran data,
ada sekitar juta data tokopedia bocor di internet dan diperjualbelikan bebas di dark web kamu bisa cek di firefox monitor,
ada sekitar juta data tokopedia bocor di internet dan diperjualbelikan bebas di dark web kamu bisa cek di firefox monitor,
siapa nih yang tim rebahan isi pulsa beli voucher streaming bayar tagihan listrik atau kartu kredit bisa lho sambil rebahan jangan lupa gunakan kode promo topedramadan ya atau cek,
soal kebocoran data gimana tuh,
halo kak utas yang diminta sudah siap cara menjaga data personal di era digital melihat banyaknya kebocoran dan peretasan data belakangan ini tokopedia canva bukalapak dll aku coba buat thread,
data tokopedia bocor siapa yang kena sanksi,
menkominfo johnny g plate bela tokopedia soal kebocoran data juta pengguna,
akun tokopedia bocor menkominfo rajin ganti password bkn itu jwbnya berarti tokopedia lalai dan harus bertanggungjawab,
haloo masih bungkam soal kebocoran data user apa gimana ini,
eh masak kayaknya wktu thun kapan tuh buka toko ga pake ktp deh kayaknya ya lupa,
kalimat yg bener adalah belum terjadi kebocoran password data segede itu kalo disuapin ke ai mah kebuka itu passwordnya,
udah ku ganti lgsg wkwkwk,
legislator pks minta tokopedia bertanggungjawab atas kebocoran data penggunaan lewat,
setuju mas apalagi dengan pasal t c saat kita sign up pertama kali di tokopedia jika ada kebocoran data dikarenakan hacking oleh pihak ketiga maka tokopedia tidak bertanggung jawab,
nampaknya kebocoran data tokopedia kemarin ulah bli gates bli srx trx ytx xnx dengan begitu penggunaan diharapkan meningkat hmm keterkaitan yg mustahil untuk diacuhkan,
dpr desak polisi usut kasus juta akun tokopedia bocor,
heboh setelah data pengguna tokopedia dikabarkan diretas kini giliran data pengguna bukalapal bocor ada apa ini via,
waspada kebocoran data begini langkah langkah mengamankan akun tokopedia,
lalu sudah sebentar lagi semua juga lupa kebocoran data pengguna sama seperti kasus dulu,
bahaya yang intai usai kasus data bocor tokopedia bukalapak,
tokopedia memastikan bahwa tidak ada kebocoran password yg dapat digunakan untuk login ke akun anda password ga bocor tp nama email no hp dan data lainnya bocor,
ginian lu urusin itu data pengguna tokopedia bocor diem diem bae,
aku bicara disini dengan kapasitasku sebagai mahasiswa kok rek sangat terbuka untuk diskusi,
ada beberapa poin yang aku coba bahas pertama kominfo tidak lepas tangan terkait kebocoran data tokopedia,
setelah giliran unicorn indonesia lain diterpa isu ada kebocoran data pengguna haruskah ku ganti password lagi untuk menjamin keamanan akun seperti kejadian beberapa waktu yg lalu,
membongkar maraknya hacker di medsos antara kebebasan pendapat dan pengamanan data pribadikamis mei 17 00narsum 1 ismail fahmi2 kombes pol kurniadi dit tipidsiber bareskrim polri 3 shabirin arga prodewa daftar,
tokopedia dan menkominfo digugat terkait kebocoran data pelanggan,
gugat menkominfo mimpi tokopedia dan menkominfo digugat terkait kebocoran data pelanggan,
materi saya bisa didownload di sini kebocoran data dalam perspektif big data case tokopedia,
data pelanggan bocor akhirnya tokopedia dan menkominfo digugat kki di pn jakarta pusat,
tokopedia dianggap telah melakukan kesalahan karena tidak memiliki sistem pengamanan yang patut untuk mencegah kebocoran hal ini membuktikan bahwa tokopedia telah melakukan kesalahan dalam melindungi data pribadi dan hak privasi para pemilik akun,
pakar orang ri tak tahu bahaya dari kebocoran data tokopedia,
komentar seorang teman ttg kebocoran data tokopedia,
min cara menghapus permanen akun tokopedia gimana ya ngeri kebocoran data,
yak twitter sama instagram minta password requestbeberapa orang juga kena belakangan ini efek bocor tokopedia,
ada dugaan kebocoran data pengguna dan apa potensi serangan e commerce di masa pandemi bagaimana mestinya perlindungan data konsumen kami bahas di,
tokopedia bhinneka bocor bssn sebut belum colek pemerintah,
william tanuwijaya memyampaikan tiga hal dalam suratnya agar pengguna mengetahui duduk perkara persoalan kebocoran data yang menimpa tokopedia,
hey selain kebocoran data kalian tuh pny masalah yg gk kalah serius akun seller penipu yg pasang harga murah dan maksa transaksi diluar toped 2 akun tuyul yg jadi seller dormant bikin puyeng krn dm gk dijawab2 susah bedain dgn seller asli,
pasca kebocoran data ini surat bos tokopedia bisnis ini adalah bisniy kepercayaan maka tokopedia akan menjaga amanah tersebut,
berikut ini profil william tanuwijaya bos tokopedia yang tersandung polemik kebocoran data pelanggan di startup rinstisannya,
ceo tokopedia william tanuwijaya mengirim surat kepada penggunanya dalam surat itu ia buka bukaan terkait kebocoran data beberapa waktu lalu via,
dirugikan soal data tokopedia bocor ini saran buat konsumen,
kominfo didesak sanksi tokopedia dan bhinneka soal akun bocor,
dua minggu setelah kejadian kebocoran data akhirnya memberikan informasi tidak ada anjuran segera mengganti kata sandi,
hingga dikabarkan mengalami kebocoran data berapa banyak data yang bocor dari masing masing ecommerce tersebut,
data tokopedia bocor halo pemberi arti bagaimana kabarnya pemberi arti pasti sudah dengar tentang belum lama ini terjadi kebocoran data salah satu toko daring terbesar di indonesia yaitu tokopedia bagaimana sih,
udah pada tau jawaban kan toppers yuk langsung dijawab dan jangan lupa untuk ikuti rulesnya ya pemenang akan diumumkan besok dan keputusan mimin tidak dapat diganggu gugat ya hehe good luck and have fun toppers,
min di akun sy tiba2 td terjadi transaksi pembelian pdhl sy tdk melakukan transaksi apapun hr ini sy takut akun sy diretas krna kebocoran data tokopedia kmrn mohon investigasi dan kembalikan saldo sy,
iya juga sih tp walaupun sulit sih mungkin gak kasus kayak gitu diurus di pengadilan ada aturan hukumnya soalnya kan kita diharuskan ngisi data ke pemerintah dan kebocorannya dari pihak pemerintah kita gak punya kuasa menolak mengisi data atau menjaga keamanan datanya,
kalau nanya mungkin ya mungkin banget cuma uu nya itu ada gak di indo cmiiw kayaknya gaada kebocoran data itu sangat mungkin terjadi tokopedia aja swasta yang sistemnya modern bisa jebol apalagi sistem pemerintahan yang kudet abismakanya ini isu penting,
iki opo sih kok ra mudeng,
kebocoran data kaya tokopedia skrg yg di hack web nya kpu trus kebetulan yg di ss itu dr kabupaten bantul,
katanya indonesia akan menjatuhkan hukuman bagi perusahaan yg kebocoran data seperti tokopedia kalo kayak gini gimana,
abis kasus kebocoran data tokped langsung buru2 ganti password tapi setelah ganti password malah kelogout sendiri minta ubah password udah diubah lagi pas mau verifikasi ke nmr hp tp nmr saya dah ga aktif ngajuin ubah nmr ditolak mulu gmn ya,
perlindungan data pribadi belakangan menjadi isu hangat karena berturut turut data penduduk terus mengalami kebocoran dimulai dari bocornya data pengguna tokopedia awal bulan ini disusul dengan kebocoran data pengguna milik,
berikut berbagai kejadian kebocoran data yang melibatkan indonesia bukalapak 13 juta data lion group malindo air dan thai lion 7 8 juta data tokopedia 91 juta data bhinneka juta data kpu 200 juta data universitas indonesia cs fk kemdikbud,
setelah itu ada kejadian yang menimpa lion group malindo air dan thai lion juta data pengguna bocor dan turut melibatkan ribu data wni data yang bocor diantaranya adalah nama lengkap dob nomor hp pasport no exp id card no exp dll,
kemudian baru baru ini kita dikejutkan dengan kejadian kebocoran juta data pengguna penjelasannya bisa dibaca disini,
data tokopedia dan kpu bocor indons ya ampun bahaya banget jaman sekarang identitas dan keamanan gue terancam also indons here i provide you mine my parents my spouse s and my babies faces for free to use in the age of facial recognition as security measure,
satu2nya alasan knp ga pakai tokopedia krna kebocoran data yg lalu,
gue lihat us chaos kayak gitu makin ga ada kepengen2nya tinggal di sana emang negara kebanyakan penduduk dan terlalu beragam itu ga enak banget,
gue dulu ngebet buanget pengen ke dan tinggal di amrik daftar afs global ugrad fullbright lpdp universitas di uskayak udah dihalangin sama allah untuk jangan ke sana akhirnya pertama kali menginjakkan kaki tahun sebuah cerita,
salam bro gua ngikutin lu sejak skandal kebocoran data tokopedia kemarin makasih udah bagi ilmu soal infosec penting nih orang yang punya niat baik kayak gini gua liat juga niat lu baik di trit yang ini cuma sayangnya banyak orang pada lebih suka keributan tetap kuat bro,
kerja sama ini akan memberikan akses berupa nomor induk kependudukan nik nama alamat dan keterangan di ktp,
kebocoran data dan pentingnya mempercepat pengesahan ruu pdp a thread,
masih ingat kasus kebocoran data pribadi yang terjadi bulan bulan kemarin ya kebocoran data pengguna tokopedia dan serta dpt kpu apakah penanganan kasus tersebut sudah memadai bagaimana jika kejadian serupa terulang,
sering pula pinjol menjadi alat untuk menjerat masyarakat tanpa edukasi yang jelas pinjol justru dapat menjadi kepanjangan tangan pola rentenir yang kerap meresahkan masyarakat,
permasalahan data raya kependudukan harusnya dikelola dengan hati hati tidak boleh diobral sembarangan kita masih ingat pengalaman lalu betapa pemerintah abai dalam isu kebocoran data kpu kitapun masih ingat perusahaan sebesar tokopedia bisa lengah,
ada yang udah nonton dear class of,
apakah sistem keamanan tokopedia sudah di perkuat waktu terjadi kebocoran data kmren itu saya uninstall sekarang saya mau download lagi tapi butuh kepastian ttg keamanan tokopedia mohon maaf tolong di jawab terimakasih,
masih percaya sama bukannya melakukan investigasi malah sibuk melabeli berita dengan bukti kuat sebagai hoax btw investigasi data breach udah sampai mana jangan pernah berhenti menghibur kami ya,
tetap waspada mas,
don t trust government,
ternyata segitunya yaa sikap polri harusnya kan investigasi terlebih dahulu koordinasi yg jelas kominfo aduh,
bang gak takut ada anggota lagi yang bertamu ke rumah situ haha,
semoga ada drama dari,
mereka ga mengakui tapi semua server udah di offline in gampang sekali buat dapatin ip server sipp dan celah yang dimasukin juga celah simpel sqlinjection makin tepok jidat,
sepertinya sdm kemkominfo memang tidak berkualitas,
admin yg dibayar umr dan diteken sama eselon yg lebih tinggi,
nah kan,
ngga nyoba beli datanya buat validasi mas lebih enak kalo kita megang datanya sih daripada modal screenshot sehat selalu masnya,
selamat anda dapat undangan,
setelah kejadian tokopedia yang gempar karena kebocoran data sekarang data polri sumatera selatan juga ikutan bocor,
keren mas respect sama artikel dan itikad baiknya,
menteri kominfo nya kayanya ga ngerti kaya ginian deh bro cybersecurity cracking hacking gitu gitu,
haaaaaaaaaaaaaaaaa,
seru komen2nya,
boomer hahaha,
kalo bisa seleksi masuk bumn orang orang yg ahli,
jadi bssn kerjanya ngapain aja bang teguh lan mereka bekerja untuk dan dibawah naungan kominfo,
kalo ga didampingi pengacara mungkin ceritanya akan lain i d like to speak with ny lawyer pls,
kerjanya kominfo cuman blokir blokir,
jika ada kebocoran data berdasar psl uu ite yg bertanggung jwb itu penyelenggara sistem elektronik pse misal yg bocor toped ya toped yg tanggung jawab kominfo itu regulator sdg yg ngawasi kebocoran dan serangan hacker nurut perpres 2017 adlh bssn bkn kominfo,
salam perjuangan mas teguh,
ya gini kalo isinya cm org partai ama boomer prestasinya cm ngeblokir,
menunggu tanggapan,
utututu iklan ini ada benernya juga,
ada apa sih sama indonesia,
cara kerja kemkominfo,
apa ini ada indimasi klo kemkominfo menjual data pribadi kita ke perusahaan2,
wkwkwk pemberlakuan imei aja bobrok masih ada aja hp ex inter masuk lagi,
di akhir article ada bagian jelasin websitenya udah dicrawl index google buat mentemen yang website nya ga pengen nongol di google search result gini caranya,
menyelamatkan muka terlebih dahulu sebelum menyelesaikan masalah adala sop pemerintah,
kocak bener ini,
hahahaaa positif thinking dulu mungkin polisi mau minta keterangan karena polisinya gak tau tuh website yang njual data polisi dimana,
inilah akibatnya kalau sistem shicibukai masih diberlakukan,
saya merepost postingan abang di fb sehari kemudian saya juga didatangi pihak kepolisian tadinya saya mau dibawa ke polsek untuk menjelaskan terus saya bilang bukanya data yang saya unggah itu sudah dibantah pak argo bahwa itu tidak benar knp dipermasalahkan trus jd dibawa,
gua yakin datanya laku keras klo dijual ke isis haha,
liat kominfo sekarang mah emosi doang,
kereeenn bang,
wawawawawawaaaaawwwwwwsudah mulai berani yaa,
nih,
kemkominfo itu regulator kalau ada kebocoran data toped yg tanggungjawab jawab toped dong kan mereka yg ngerti system security mereka seperti apa benaran lu konsultan siber,
kamu hebat sblm prof komentar,
ternyata banyak yg koar2 tp sebenarnya ga tau apa2 ya,
bacanya pelan pelan aja ya pelan pelaaaann banget,
bagus mas teguh fitnah mu menyebar dengan cepat dan dosanya kamu yg tanggung semua,
wkwkwk gw wktu itu ikutin nih beritanya segitunya toh ternyataaaamakasi updatenya om intinya gaboleh salah lah ya polri always right,
kapan kelakuan kalian mau stop fitnah,
makin kesini kok lucu ni orang,
pas guh,
konsultan apaan nih koq ga ngerti regulasi,
misi om,
jika ada kebocoran data berdasar psl uu ite yg bertanggung jwb itu penyelenggara sistem elektronik pse misal yg bocor toped ya toped yg tanggung jawab kominfo itu regulator sdg yg ngawasi kebocoran dan serangan hacker mnurut perpres 2017 adlh bssn bkn kominfo,
sibuk ngurusin netflix sama youtube dan blokir akun padahal pr besar negara itu internet cepat dan perlindungan data pribadi malah ga selesai selesai,
sibuk manggil tokopedia jg buat kebocoran data eh sndiri nya kena,
sebanyak ribu data pasien covid 19 di indonesia dilaporkan bocor dan dijual di situs raidforums namun hingga kini kementerian komunikasi dan informatika belum memberikan keterangan soal kabar tersebut,
saat ini insiden data breach atau kebocoran data terus terjadi termasuk di indonesia ketika dua e commerce besar tokopedia dan mengalami insiden kebocoran data lalu bagaimana cara mencegah kebocoran data,
ini menjadi bukti kalau negara kurang mampu menjaga keamanan data pribadi rakyatnya kebocoran data bukalapak tokopedia kpu polisi sekarang pasien covid the hell are you doing,
apa selaku web developer mrk ga encrpyt data data krusial kaya gitu ya atau emang webdev nya cuma ingin ngambil cara mudah tapi kalo diliat dari kasus tokped emang data data seperti alamat dan no hp dan lainnya ngga di encrypt hmm,
sejak awal tahun marak dugaan kebocoran data seperti dan kini data pasien covid 19 dikabarkan bocor dpr menilai uu perlindungan data pribadi semakin dibutuhkan,
link unduh data bocor akun tokopedia tersebar di medsos,
juta data akun bocor masyarakat perlu waspada,
data pengguna tokopedia bocor hati hati tindak kejahatan,
tautan berisi juta data pengguna yang bocor bisa diunduh gratis hingga juli data ini berupa nama lengkap nomor telepon hingga email,
data pengguna tokopedia bocor waspadai jenis tindak kejahatan ini,
juta data akun tokopedia bocor dan disebar di forum internet,
ingat awal mei kemarin heboh data pengguna tokopedia bocor dan dijual di darkweb sekarang data tersebut sudah ada yg beli dgn harga 5000 kemudian dibagikan gratis linknya di fb datanya berbentuk zip gb setelah diekstrak menjadi gb dalam bentuk teks berisi jt akun,
juta data akun tokopedia bocor masyarakat perlu waspada,
lhah data bukapalak bocor lu kicep data tokopedia bocor lo kicep kpu buka data bebas bahkan di scribd lu juga kicep dasar togog,
pakar juta data akun tokopedia bocor dan disebar,
kacau banget kok bisa sih data tokopedia bocor,
vp of corporate communications tokopedia nuraini razak angkat bicara terkait kebocoran data pengguna tokopedia,
juta data pengguna tokopedia yang bocor dilaporkan telah disebar lewat link download di facebook,
tolong biarkan saya menghapus akun tokped saya secara permanen ya tolong saya merasa gak aman punya akun di situ bocor mulu data nya gak ada pertanggungjawaban apa apa pula dari tokped nya situ yg kebocoran saya yg ditipu orang sialan,
beredar di facebook data pengguna tokopedia bocor,
data pengguna tokopedia bocor di facebook,
kasus kebocoran juta data pengguna kembali ramai dibicarakan perkembangan terbaru data tersebut kini dilaporkan beredar secara gratis lewat link download di sebuah grup facebook,
sempat dijual di internet data pengguna tokopedia kini bocor dan beredar di grup facebook,
data pengguna tokopedia bocor akun ovo terancam dibajak,
masih ingat dengan kasus kebocoran data kabar buruknya data itu sekarang sudah disebar dan dapat diunduh gratis,
data pengguna tokopedia bocor akun ovo terancam dibajak,
asosiasi e commerce indonesia mengklaim bahwa meskipun beberapa waktu terakhir ini marak terjadi kebocoran data pengguna pada platform e commerce seperti tokopedia hingga bhineka namun tidak ada data keuangan yang bocor,
data denny siregar bocor kominfo minta telkomsel telusuri,
telusuri juga tuh kebocoran data kok bisa sekelas buzzer bisa memerintah menteri,
ngeri sekali data pribadi bisa kebuka dan bs diakses umum,
masih ingat dengan kasus kebocoran data kabar buruknya data itu sekarang sudah disebar dan dapat diunduh gratis,
to dear mr menteri tolong ya kalo mau usut soal kebocoran data jgn yg di usut satu org doang dong kmren2 sempet viral kebocoran data dari beberapa market place spt bukalapak tokopedia data yg bocor gk nanggung loh satu indonesia,
betulkah ini juta akun tokopedia bocor memperlihatkan platform besar tak belajar dari insiden serupa yang menimpa platform lain terkesan cuek perlindungan data,
juta data pengguna bocor di fb tokopedia lapor polisi,
insiden juta akun tokopedia bocor memperlihatkan platform besar tak belajar dari insiden serupa yang menimpa platform lain terkesan cuek perlindungan data,
juta data pengguna tokopedia bocor di medsos jakarta biskom kebocoran data pengguna,
udah jadi rahasia umum data pribadi kita memang tidak pernah aman tokopedia baru kebobolan google sudah jelas2 lah ya fb pernah digugat karena kebocoran data semua sama jadi sudah tidak usah berpikir bahwa data2 pribadi kita aman memang sudah pasti bocor dan dijual kemana2,
lembaga riset siber indonesia cissrec communication and information system security research center mengusut awal mula data pribadi denny siregar bisa bocor dan tersebar di media sosial medsos,
denny siregar penggiat medsos ini di twitter miliknya mengeluhkan kebocoran data pribadinya yg diungkapkan akun apakah benar itu data milik denny cissrec melihatnya mencocokkan data yg bocor itu dgn juta pengguna data tokopedia yglebih dulu disebar sebelumnya,
sistem keamanan berstandar tinggi adalah hal yang tak bisa ditawar tapi ketika juta data pengguna tokopedia bocor artinya keamanannya belum maksimal,
seluruh pengguna tokopedia terdampak pencurian data sebanyak juta data pengguna tokopedia bocor bagaimana hacker bisa mencurinya,
tokopedia kami laporkan kebocoran data ke polisi,
bahas jg dunk apa langakah2 preventif lbh baik yg dilakukan untuk jaga data pengguna minimal tidak ada lagi kebocoran di kemudian hari ini adalah tamparan keras u indonesia masyarakat u meningkatkan keamanan digital,
kasus bocornya data pribadi ini semacam penyakit kambuhan yang menimpa banyak warga negara indonesia,
belum lama ini kita dikagetkan dengan kebocoran data tokopedia lalu data pasien covid 19 sekarang kita kembali dikejutkan dengan penyebaran data pribadi milik bang denny siregar ini menjadi bukti pentingnya perlindungan data pribadi,
data kpu bocor diemdata tokopedia bocor diemdata polisi bocor diemdata denny siregar bocor its go time,
lagi rame kasus peretasan data kl sebelumnya tokopedia yg dilaporkan data penggunanya bocor dijual belikan oleh oknum di internet baru2 ini telkomsel merasakan kebocoran data pelanggannya dukung,
kirain kebocoran data lagi,
bisikannya data kamu kebocoran,
bareskrim ringkus pembobol data pribadi denny siregar,
pembobol data denny siregar ditangkap beda nasib dengan ulin yusron yang dulu sebarkan data orang,
data tokopedia bocor data kpu bocor database polri bocor tidak ada kebocoran data denny siregar bocor,
data telkomsel ini permainan siapa kasus denny siregar memancing banyak oknum bermain ormas anarkis jelas nyari panggung paling depan teriak paling kencang mengancam paling ganas kemudian muncul akun twitter,
jika data di atas bocor kasusnya mirip tokopedia tadi nama yang beredar banyak tapi ini kan tidak begitu kasus kebocoran ini hanya menimpa denny seorang itu artinya ada oknum di dalam perusahaan telkomsel yang memang kadrun nah untuk mengusut hal ini adalah,
juta data pengguna bocor hasil investigasi tidak ada kita dengar sampai saat ini juta data dpt bocor tidak ada update data personel polri bocor membantah tapi rumah saya didatangi sementara itu,
jika tolak ukur keberhasilan mereka adalah dengan menangkap pelaku kasus kebocoran data dan pelakunya adalah orang indonesia untuk pembobol data personel polri pelakunya orang iran,
tokopedia gandeng untuk investigasi udah sampai mana investigasinya,
sinyal bahwa kk pembina mau dan mampu melindungi adik2nya ga salah deh kita berada disisinya,
ada yang nanya kenapa saya tolak tawaran jadi konsultan bareskrim kemarin ketika ditawarkan saya pengen yg beneran kerja bukan yg main main tapi dianggap kerja sayang juga kemampuan yg saya miliki entar tumpul karena hanya digunakan untuk hal hal receh seperti ini,
lagu lama kaset kusut bang,
loll,
wkwk no hope pisan,
dan sekarang badan pengkajian dan penerapan teknologi yg di jebol,
wkwkwkw lawak bgt si ni negara,
huwaaww,
makanya sampeyan ikut jadi buzzer biar dilindungi,
ini adalah salah satu twit yang orang biasa nggak punya uang buat bayar pengacara hebat jangan sembarangan ikut komentar,
tapi setelah saya baca sudah mendapatkan iso untuk keamanan data bang tetapi kenapa dengan mudahnya pegawai non permanen bisa dengan mudah mengambil data menurut bang teguh salah dimana nih,
lu gak mau komen apa beraninye komen yg kasusnya sama sama sekolam ame lu,
duit setoran nya kurang,
data dpt banyak banget tersebar di scribd,
beda dull motivasi nya kalo trust tidak ada lg ke perusahaan sebesar telkomsel bisa ikutan berguguran perusahaan2 lainnya,
klau data2 kita yg bocor mereka enggak peduli mah enggak merugikan mereka juga jd enggak mau repot mereka,
kaum syi ah laknatullah memang di pelihara untuk adu domba,
tergantung bukti awal,
kok data satu orang yang bocor aja udh ribut tapi kebocoran data yg menyangkut ribuan orang malah diem bae haduh seakan buta dengan hal ini,
cekatan dan sangat responsif sekali polisi dan aparat hukum kita,
apa lu kata data sudah jebol dari kapan tau g usah pura2 bego dah,
cirrrrr,
kalau sekiranya merugikan rezim apa untungnya di proses gitu aja repot,
nyimak dan kliatan tambah lucuk negri ini,
keadilan sosial bagi seluruh rakyat yang dekat istana,
gercep banget,
cuma bisa nyimak ae data rangorang seliweran yakin nomer hp ama email gw uda berserakan entah dimana ae,
se istimewaahh itu kah babang den julll,
kirain tadi denny lastpaste,
alesannya kenapa gak diproses karena ga ada pihak yg dirugikan yg melapor diboongin lagi gak sik,
taee emangg anjing istana,
ini ada apa sih sama cyber security lembaga negara kita yah kok kayak nya gampang banget di hack mereka ada bagian it mis kan yah,
buzzer memang punya privilege,
tapi ingat ada masa kadaluarsanya bekingmu dirimu,
lawakkkk,
pertanyaannya apakah bener itu orang yg ngebobol datanya seperti tau sendiri lah drama drama seperti ini,
dagelan,
menurut gue sih ini karena hackelnya cuma pegawai kontrak di gerai telkomsel ya gampang kena lacaknya sedangkan yg gede gede itu bisa aja orgnya gk di indonesia dll tapi semoga pencurian data cepet ketemu,
pembobolan data pribadi deny siregar dilaporkan tanggal juli terduga pelaku ditangkap tanggal juli only one day peretasan akun wahtsapp ravio patra dilaporkan tanggal april kapan pelakunya bisa ditangkap,
beginilah rezim buzzer,
kemungkinan telkomsel dah tahu pelakunya dan kemudian lapor polisi,
jieeeee laporan cpr bnr gliran ada mentah ahhh payah,
ya apalagi kalau bukan karena denny siregar jutaan rakyat indonesia,
ternyata data juta data dpt kpu dan juta data pengguna tokopedia tidak lebih sensitif dibandingkan data si orang itu,
kapolri nya ganti denny siregar aja,
hahaha,
jarang yg bobol di negara sendiri lah ini lawak,
karena buzzer ternakan negara tidak boleh lecetmakanya grecep,
gw ga percaya lo tau sendiri penusuk wiranto dl di tangkap tapi kasus hukumnya juga ga jelas,
betul mas mbuh kok koyo ngene banget ya,
lucu bgt sini ini,
negeri lawak,
jangan gitulah sama bang zul,
luar biasa,
kami bangga pada kalian broo buat s zulfikar mh langsung vvip wkwkwk,
sekadar mengingatkan,
jadi buzzer dulu biar jadi warga negara premium user,
wkwkw polisi belain buzzerrp,
kebaikan adalah meningkatkan kinerja kepolisian,
tahu skala prioritas itu cerdas,
bro kalau memang anda merasa dibocorkan lapor dong ini yg dibocorkan nuntut lagian juga togog banget cuma di twitter saja main nonggolin data pribadi yg jelas2 pidana itu bego itu namanya,
semuanya dikerjakan secara akal an alias pin bo bantu subscribe like nya dong om,
tersangka bayaran gak nih mau tau cara membedakanya kalian ikutin terus proses pengadilan dia dan lihat hukumanya kalau mmg benar thn berarti mmg bnr dialah pelakunya tapi kalau cuma thn bisa kita pahami dia adalah tersangka bayaran,
terima saja lah mas kayaknya ini udah konsekuensi hidupndi negara pancasila,
play victim kah,
kasus yang sementara itu cuma mau nunjukin siapa yg sedang berkuasa saat ini kalian yg lain cuma remahan rempeyek yg diambil pajaknya tiap bulan,
polri alat pelindung para orang2 zolim,
juta data dpt tidak sepadan dengan data seorang denny siregar ye gak pak,
dessy itu binatang peliharaan paling berharga buat gerombolan istana iblis jika kebutuhannya tdk terpenuhi dia bakal nyanyi orkestra semua buzzerrp juga bakal keluar istana itulah sebabnya binatang itu harus diberi asupan lebih dari apapun biar nggak bongkar kebusukan mukidi,
wow kok bisa gitu yaa,
anjing,
otak mana otak di rumah nasi padang ada ga ya,
to tambahan data penduduk indonesia yang bocor tapi dibiarkan begitu saja,
emang teknik yg paling mantap dari seorang hacker itu adalah social engineering,
keadilan sosial bagi seluruh rakyat buzzerp akwkakwkakw,
respon polisi cepat ya klo masalah ini,
data customer yg bervalidasi ktp baik di gojek dan google bagaimana tuh padahal kemungkinan transaksi data diperdagangkan atau bocor sgt besar,
free user vs premium user,
makin kesini makin norak n vulgar aja memihaknya,
weh gimana itu pak,
miris,
halo guys buat lo yang hobi main fm football manager boleh cek channel gue ya ada banyak info soal taktik gacor dan juga seputar info yg lainnya ini yang terbaru numpang ya min,
lah gimana kemampuanya sebatas usut karyawan telkomsel doankangaran banyak tapi nabokin pembobol tokped aja anyep,
rejim dzolim,
itu kan tokopedia bisa di bobol karena dari luar negri dan si hacker pinter menghapus jejaknya lah ini pembobol data telkomsel terang mengakui kalo dia ngebobol yaa jelas di tangkep lah,
mereka bekerja tergantung selera,
kata fadlison rezimnya sesuai selerah,
alangkah lucunya negri ini,
karena kalau bisa bongkar data desi itu setengah rahasia negara bisa kebuka wkwkwk,
ingin berkata sabar tapi harus kasar negeri jungkir balik ambyar,
saya lebih percaya google drpd gojek,
standar ganda pemerintah,
ane sangsi cybercrime polri itu punya taji yg kek gini cepet ketangkep keknya dibantu bin mereka kan bebas gitu klo mau sadap2 operasi senyap,
wkwkwk,
jangan2 ini cuma sekedar sandiwara agar terlihat hebat dimata anjing peking,
minta maaf ke temen2 lo dah sekarang habis ini hilang anda,
miris dan keterlaluan,
bagi dan polri buzzerp itu bukan warga negara biasa,
ini alasan gue setuju sama teknologi sains bentuk manusia hybrid di kloning jadi banyak buat memperbanyak org kayak elu bg,
bedain gini aj lo g mampu,
bebas boss,
harus jdi orang penting dulu baru digubris gak penting ya polisi males cok,
cita2 negeri ini adalah revolusi4 0 tapi keamanan data ga bisa dijaga jadi berasa nonton sinetron,
chuaakzkzkzkdkkzkzkk,
selamat berarti anda hidup di negri 62,
mas jamet bisa aja,
lololololol,
dimanakah keadilan sosial bagi seluruh rakyat indonesia,
emang goblok,
mereka bekerja sesuai pesanan,
mending biarin aja,
emg si zulfikar mah beda daaah,
bangke,
knp aneh atau iri kah merasa si denny special pake telor lagian si bodok yg bocorin data juga ga ada di belain ama akun culun yg kmrn sok2an open data namanya opposite apa parasite gt,
tangkap terus demi membela si desi,
wadidadadididaw,
nikmatilah output pilihan rakyat masih ada tahun lagi fyi,
ini gimana,
what goes around comes around we will see,
istimewa sekali hewan yang bernama julpikar ini,
langshongggg,
mungkin kasus kadrun kebanyakan hoax kali jd aparat jg males nanggepin skrg contoh ratna bonyok kontainer juta surat suara dagelan saksi mk dan bejibun hoax2 yg lainnya,
hehehehehehehehehehehehehehehehe,
itulah kehebatan ecilop di negeri taikland,
udah follow masnya semenjak di fb,
intiny smua it ga ad ap2ny dibanding org dzs krna org it peliharaan rezim,
pajak tidak cukup untuk membuat mereka merasa berhutang,
salah satunya,
vvip,
data pasien covid pernah bocor juga,
pertanyaannya siapapun yg melakukan kejahatan receh ini ya perlu diberangus,
gpp satu orang buzzer dulu drpd mendiamkan kejahatan,
mungin yang juta data pengguna tokopedia harus ikut jadi buzzer juga kayaknya biar dilindungi,
siapa si densi itu siapa yang bisa jawab,
cara menentukan sesuatu benar ato salah kalo pemerintah ogah ngurusin itu brrti itu hal yang benar penting kalo pemerintah gercep soal nanganin sesuatu brrti itu hal yg salah melindungi hal yg salah,
artinya data ratusan juta orang itu gk lebih penting dari data seorang denny siregar kita liat bakal mekar sberapa besar kepalanya kita juga jdi tau sberapa jahat sbenarnya penguasa negri inj,
beda kasus bro ini yang dibocorkan dengan sengaja pada satu target dan motifnya jelas,
rakyat gak bneran free kali mas,
ngeri jg kalo sampe rumah di datengin untung selama ini yang datengin rumah saya cuman yang nagih bpjs,
sptnya gak dihack sepenuhnya internal person yg dominan main,
dengan kasus ini kita tahu bahwa ds adalah extraordinary people,
hukum di negri 62 tergantung siapa yg berkuasa he he,
mohon ijin share info ya hi startupers saatnya scalling up bisnis rintisanmu dengan ikut startup heroes bootcamp pelatihan dan mentoring intensif dan akses pendanaan ke angel investor dan venture capital daftar,
selagi terkoneksi dengan internet memiliki database yakinlah tidak ada yg mustahil untuk di mainkan,
wkwkwkwk memenya pas,
kalo hack gituan mah cuma di front endnya alias tampilan web semua web juga bisa dan ngga terlalu sulit,
akibat kardus,
denny siregar pernah nggak ya di wa menang undian pt whatasapp,
pembocor data ds sudah ditangkap pembocor data toped kapan,
di sms kok di wa sih duh,
percayalah semua data itu tidak ada yg aman walaupun udah di standarisasi sedemikian rupa,
masyarakat itu hanya sebagai obyek politik ekonomi sosial hukum ekonomi dan sekarang ideologi ini agenda zionis dunia termasuk di negri ini yg rentan n rapuh kalo ngaku sebagai negara berdaulat sulit bicara keadilan n keamanan apalgi kesejahteraan,
anjing melindungi tuannya begitu juga tuan nya juga melindungi piaraannya lagi ngomongin anjing tuannya di sebelah rumahku lho,
gimana ya bro yang retas data tokopedia itu hacker profesional kali makanya polisi males kerja soalnya susah nyari yg gampang gampang aja,
keadilan sosial bagi seluruh rakyat indonesia yang termasuk golongannya,
polisi sarang nya pdi dan pki wkwkw,
makin lucunya 62 ga ada jeda pulak,
ngomong apa dah pake tanda baca yg bener lah,
ya mau gimana keadilan sosial itu sila paling bawah,
apa kabar database polri yg bocor ngurus dapurnya sendiri saja gak mampu tu,
ada indikasi negara ini sdg dlm pembodohan,
intinya mah kalo gapunya massa dan gapunya backingan jgn macem2 deh,
mewakili pertanyaan gw selama ini,
buzzer mungkin punya guardian angel nya sendiri kali ya hehe,
woyyy harun masiku apa kabar kelas kakap hilang kelas teri cepat ya,
karena si zul aka desi dianggap oleh pemerintah sebagai salah satu satwa langka jadi harus dilindungi bagaimanapun caranya,
ha ha rezimnya lieur,
and left the chat,
pada dasarnya harun masiku tidak hilang cuman hanya saja dihilangkan dan pada hakikatnya merekapun tidak bahagia,
begitu istimewanya seorang ya,
ada apa di balik kardus bang teguh semangat ya,
kredibilitas pemerintah sudah gak ada dan dipake hanya untuk kepentingan golongannya aja,
permainan tingkat tinggi hanya sekolah dasar,
jgn sinical dulu mas ini soal kompetensi saja hihihihihihi,
nah ini masa cuma heboh sebentar doang trus ga ada tindak lanjutnya kalo yg ini aja langsung gercep ckckck,
the power of bang zulfikar,
deny siregar siapa siii,
seandainya ngomong jiancok gak dosa,
kalo data si ini bocor kan ntar nambah lagi fakta yang terkuak,
pak ada tanggapan,
rakyat biasa bisa apacapek teriak mulu,
tuls,
emang bener kita gak dilindungi negara kita yang melindungi diri dari negara,
tahun sks ppkn serasa sia sia,
xixixi,
karyawan yang ditangkap itu kayanya cuma tumbal,
selamat datang di wkwkwkwkwk land,
inginku menjadi adek2 yang selalu dalam naungan kakak pembina kayaknya aman tentram dan sejahtera deh,
makin jelas lah ya siapa denzulsi,
publik rasanya disuguhi kedunguan2 model gini,
ini bgmn coba,
maklum la si deny orang dalem,
gue berharap suara ini didenger dan semoga elo baik2 aja hyung jadi ngeri gue,
mana karak make tokped urang,
aset pemerintah harus aman,
juta data penduduk tak lebih penting daripada data seorang denny siregar,
haha kata bang riko kita dipaksa bego wkwkwk,
awoakaoakaoakak,
lu bakalan terbantu dan dilindungi kalo lu nge buzzerp,
urg jd penasaran maksud na hal2 receh teh ka mana,
telat post berita itu,
negara cinta buzzer,
suka2 mereka lah,
lucuh,
zulvikar itu kelingking kiri penguasa,
ehehehe,
bro yg jadi masalah data pribadi dipublish untuk mengancam yg bersangkutan tokopedia ada ga data pelanggannya dipublih untuk diancam paham ga bro,
sampe sekarang masih gak terima data dpt pemilu kemarin bocor kasusnya juga tenggelam dan publik juga sudah lupa,
kalau kebocoran data itu beda kebocoran data bisa terjadi karena dua hal satu serangan dari luar dan yg kedua serangan dari dalam kasus telkomsel ini tdk kedua duanya krn tdk ada data besar ribuan atau jutaan yg terbuka ke publik,
serangan dari luar contohnya terjadi pada bhinneka bukalapak dan tokopedia serangan dari dalam contohnya kasus snownden wikileaks kalo yg terjadi di indosat dan telkomsel tidak masuk dalam katagori keduanya krn bukan kebocoran data,
kebocoran data itu bisa tjd krn serangan dr luar atau pembocoran dr dalam serangan dr luar contohnya terjadi di bhinneka bukalapak dan tokopedia pembocoran dr dlm contoh kasus snownden wikileaks kalo yg telkomsel itu penyalahgunaan akses oleh oknum,
updated breach further records have been added to the tokopedia breach bringing the total to m unique email addresses data also included names genders dobs and sha2 384 password hashes were already in read more,
gaes ganti password mu sekarang apalagi klo suka pake password sama untuk banyak website aplikasi,
sh t,
tokopedia yg bocor udah sampe password,
april atau mei kemarin sudah ganti password setelah pertama kali berita kebocoran data tokopedia apakah saran ganti password yg sekarang itu termasuk mengganti lagi password yg sudah diganti april mei kemarin,
aku ga percoyooo sumpaaaa makasihhhhh loh minnn sumpaaa,
te makasih tp ku ttp akan ingat kebocoran data jt pengguna tokped,
nmor telp ini punya anda saya memang pny pinjaman di saya tegaskan pembayaran saya lancar setelah saya dapat email dari modalku sering ada telp yg menanyakan pembayaran pinjaman miscall gak jelas dsb padahal isi di email tsb,
menegaskan bahwa pembayaran via tokopedia tapi lucunya anda tidak punya data pembayaran saya apa ini berkaitan dengan berita kebocoran data pelanggan tokopedia,
kan emang ada divisi siber kejahatan digital banyak cuy ngetracenya ga murah juga orang mau taunya uuite nya aja,
data tokopedia bocor data bukalapak bocor data pemilih kpu bocor data pribadi pasien covid 19 satu negara bocor ulin yusron doxxing orang salah orang lagi ga ditangkep pegawai telkomsel doxing denny siregar secepat kilat ditangkep yg gini hasil kerja hampir trilyun,
lebih baik jangan ah buat apapun juga bukan aplikasi resmi,
aplikasi resmi emang aman sama aja malah coba kamu ngobrolin tokopedia traveloka di wassaf pas ntar kmau buka ig langsung ada iklannya atau kasus kebocoran data tokopedia yang katanya aplikasi resmi jadi tanggung aja kan,
untuk kamu yang penasaran apakah data kamu pernah bocor apa engga mulai sekarang kamu bisa cek di tersebut saya buat pagi ini ketika lagi butuh pelarian dari kerjaan kalau ada masukan bisa reply aja ya di tweet ini semoga bermanfaat,
wahh bocor juga,
tracks animoto canva tokopedia,
itu beneran password tokopedia bocor yg pernah saya denger hash nya saja yg bocor,
hello,
satu akun kena di wattpad kalo tokopedia si yakin kena pas kebocoran data kemarin,
apakah benar website buatan mampu mendeteksi kebocoran data dengan sangat cepat di berbagai aplikasi atau justru hanya gimmick belaka untuk menipu dan mencuri data netizen yg sudah terlanjur melakukan klik dan memasukkan alamat email mereka mari kita cek validitasnya,
cek validitas dengan aplikasi mengambil masing masing empat sampel testimoni netizen yang sudah melakukan pemeriksaan data di website tsbpertama kita lihat kebocoran data milik yang mengalami kebocoran di tokopedia jumlah data,
kemudian kita lihat kebocoran data di aplikasi tokopedia yg dialami masing masing oleh dan masing dari mereka mengalami jumlah kebocoran data yang sama 71 443 698 padahal setiap orang memiliki jumlah data yang berbeda satu sama lain,
gimana dgn nih kalo gitu katanya kan base nya dari situ,
bukannya maksud jumlah data itu total data yg bocor kek tokopedia jutaan tu maksudnya data tokoepdia yg bocor sejumlah an juta jdi wajar aja jumlah datanya sama,
disclaimer pengelola website dapat sewaktu waktu merubah dan melakukan program ulang terhadap hasil olah data yang sama di website miliknya yang saat ini sedang kita bahas namun hal tsb bisa diuji dengan mencocokan hasil olah data dari para user,
kumpulan kejanggalan begitu juga dengan beberapa kejanggalan yang dialami netizen sebagai korban penipuan seperti yang tidak memiliki akun tokopedia namun di website milik dikatakan mengalami kebocoran data di aplikasi tokopedia,
cuma mau ngasih tau sejak dulu itu ada teknologi namanya api malah lucu kalau bikin ginian doang perlu waktu lama kasian udah gaptek sotoy terus kepengen keliatan pinter padahal sebaliknya diborong semua googling dulu gih sana make keyword ini apa itu api,
jadi inget thread tentang kebocoran data beberapa bulan lalu aku langsung cek email yang aku buat daftar di tokped lewat web dan hasilnya passwordku yang aku pakai di beberapa platform sudah ter pwned untung kebanyakan password lama,
ini masnya gagal paham yg juta sekian itu kasus kebocoran data tokopedia bukan data individu yang bersangkutan,
makasih yaa ternyata punyaku jg ada yg bocor tokopedia,
parah bisa bisanya data saya bocor,
